{
    "roi": {
        "width": 0, 
        "do_rectify": false, 
        "y_offset": 0, 
        "x_offset": 0, 
        "height": 0
    }, 
    "D": [
        0.258408, 
        -0.750851, 
        0.002754, 
        0.000704, 
        0.000000
    ], 
    "P": [
        2401.082713,
        0.000000,
        703.048393,
        -1833.120800,
        0.000000,
        2401.082713,
        263.593332,
        0.000000,
        0.000000,
        0.000000,
        1.000000,
        0.000000
    ], 
    "width": 1280, 
    "K": [
        2320.370814, 
        0.000000, 
        666.829470,
        0.000000, 
        2315.059117, 
        260.457121,
        0.000000, 
        0.000000, 
        1.000000
    ], 
    "height": 720, 
    "header": {
        "stamp": {
            "secs": 1655150418, 
            "nsecs": 159719000
        }, 
        "frame_id": "bwv_cam_optical_right", 
        "seq": 22276
    }, 
    "R": [
        0.999884, 
        0.004873, 
        -0.014432,
        -0.004875, 
        0.999988, 
        -0.000072,
        0.014431, 
        0.000142, 
        0.999896
    ], 
    "binning_y": 0, 
    "binning_x": 0, 
    "distortion_model": "plumb_bob"
}