{
    "roi": {
        "width": 0, 
        "do_rectify": false, 
        "y_offset": 0, 
        "x_offset": 0, 
        "height": 0
    }, 
    "D": [
        0.299878,
        -0.841031,
        -0.001465,
        0.004877,
        0.000000
    ], 
    "P": [
        2401.082713,
        0.000000,
        703.048393,
        0.000000,
        0.000000,
        2401.082713,
        263.593332,
        0.000000,
        0.000000,
        0.000000,
        1.000000,
        0.000000
    ], 
    "width": 1280, 
    "K": [
        2327.21974,
        0.000000,
        668.001905,
        0.000000,
        2321.645198,
        261.468935,
        0.000000,
        0.000000,
        1.000000
    ], 
    "height": 720, 
    "header": {
        "stamp": {
            "secs": 1655150418, 
            "nsecs": 160251000
        }, 
        "frame_id": "bwv_cam_optical_left", 
        "seq": 22396
    }, 
    "R": [
        0.999900,
        0.000399,
        -0.014115,
        -0.000397,
        1.000000,
        0.000110,
        0.014115,
        -0.000104,
        0.999900
    ], 
    "binning_y": 0, 
    "binning_x": 0, 
    "distortion_model": "plumb_bob"
}